{
  "_meta": {
    "coef_version": "0.1.0",
    "model": "sklearn.LogisticRegression(C=1.0)",
    "n_human": 10000,
    "n_ai": 10000,
    "seed": 42,
    "train_auc": 0.8530481093750001,
    "test_auc": 0.8596627499999999,
    "license": "MIT"
  },
  "feature_order": [
    "perplexity",
    "avg_log_prob",
    "burstiness",
    "entropy_cv",
    "mean_entropy",
    "transition_density",
    "sentence_cv",
    "short_frac",
    "equal_mid_frac",
    "word_mattr",
    "comma_density",
    "punct_density"
  ],
  "feature_mean": [
    2795.132713688738,
    -7.742651264302096,
    0.07326979492182888,
    0.007563368558847712,
    0.625460241980832,
    3.7500540218073453,
    0.3497605767470481,
    0.039084005530584574,
    0.34151408341459066,
    0.6275738994713255,
    4.650953152402241,
    6.04158623485282
  ],
  "feature_std": [
    2409.854819665065,
    0.5842776385745653,
    0.0483340574791348,
    0.024505137178259275,
    1.655440915535083,
    6.245083209702208,
    0.22890758922539745,
    0.10167243670852723,
    0.2558176959510989,
    0.2963842040869314,
    2.9452978082537413,
    4.074626191636041
  ],
  "coef": [
    0.27830248282581505,
    0.16624008834349382,
    -0.32083790688562364,
    -0.12003472239170203,
    2.2467523052414635,
    0.4200487732308164,
    0.15324541952125156,
    -0.46198056335277343,
    0.3908028090756286,
    0.8266097925960867,
    1.0446040927609082,
    -1.3077876904938552
  ],
  "intercept": 0.3739246246580876
}