{
  "_meta": {
    "coef_version": "0.1.0",
    "model": "sklearn.LogisticRegression(C=1.0)",
    "n_human": 10000,
    "n_ai": 10000,
    "seed": 42,
    "train_auc": 0.877121421875,
    "test_auc": 0.8847002500000001,
    "license": "MIT"
  },
  "feature_order": [
    "perplexity",
    "avg_log_prob",
    "burstiness",
    "entropy_cv",
    "mean_entropy",
    "transition_density",
    "sentence_cv",
    "short_frac",
    "equal_mid_frac",
    "word_mattr",
    "comma_density",
    "punct_density"
  ],
  "feature_mean": [
    2778.674931410775,
    -7.737973563821527,
    0.0741375538278637,
    0.011085057602255534,
    0.9022681374357217,
    3.752936689102643,
    0.3425283322181211,
    0.0405378792521593,
    0.3519446272575413,
    0.6269209878416784,
    4.655709322584045,
    6.047458286372713
  ],
  "feature_std": [
    2379.524329574862,
    0.583228291024364,
    0.04826163358752878,
    0.029621208706059724,
    1.9222719903021703,
    6.248075947514381,
    0.22664430606657737,
    0.10463660192969437,
    0.25835020205010295,
    0.2961409395228702,
    2.9479940895419414,
    4.077693659793569
  ],
  "coef": [
    0.26769727440762087,
    0.21312363274785076,
    -0.2740377591918127,
    -0.025943038867493398,
    2.848878965273533,
    0.45886886586339964,
    0.0006556829978419533,
    -0.33556481553829826,
    0.45997018910144266,
    0.7991436469047888,
    1.01517696412352,
    -1.2964936217248448
  ],
  "intercept": 0.7523581843398434
}